group,filename,sha256,bytes
external_15,01_yellow_helmet_closeup.jpg,594dc05dea1eebcb938def89105561c6ea39cb07fd5b00d8110b2cfe5fedf225,466057
external_15,02_worker_hardhat.jpg,e5046b146c591482490893ac50a0c6bf7afdabb1cb00856771b4f46504bfc957,174340
external_15,03_two_workers.jpg,a3625b98158133cfa93c012274843c713477fe8b487b1fc8b00ed4dfc41d8067,679839
external_15,04_workers_rebar.jpg,90ea27e06fddd8bee0830b94f71c8f6d42d180a5de7cefdbbb97d04b6553a20f,258307
external_15,05_scaffolding_workers.jpg,ac6172a78c6b45623e69e6c0e5ca2871daa30d11d9b032d893c866edbddf8460,346634
external_15,06_scaffolding_occlusion.jpg,228217f779a95d357c63109212bf1eff6a61ab72b698a4620329ac1e385eb5b8,303651
external_15,07_worker_obstruction.jpg,f0c4debb4c2e6b4e89073a151837db0feaf74ca41a25edf2cd415723cb8737ef,264425
external_15,08_worker_walking.jpg,69d854e8a4e21ed1ede21f643a6934548cc349a5a7204d539f4e876200e0454b,288745
external_15,09_wood_construction.jpg,4084edb8af8d31178a19c965d07a57217db0258cf8dc682486b54b02af649bdd,528134
external_15,10_indoor_construction.jpg,b9f671646c97cd0998a215b654c7389e955e1787269633a243290755fd1b0a79,457888
external_15,11_woman_hardhat.jpg,1845997a65f47c33bb292b03736cb8475d4128c469a2db71f6761084fb9075c1,177077
external_15,12_workers_sky.jpg,d23e593c82b5d4501f82cb0177083625ee4ef630f5d2ed3aa48aeff9338163ab,355044
external_15,13_black_white.jpg,3299b2b409900382918af8b7527361e8be9d3aae246a59793924f71161f29d5f,466976
external_15,14_held_helmet.jpg,d3b7d02adcc8a7599ba1947a47c26acb144ba756d948d77de2ebec3c597bea9a,212125
external_15,15_helmet_without_wearer.jpg,2dc38394022bbf619d5e7c0b45f425d7260bd47fd8c3564eb043eb96f7f2a008,185372
external_15_tuned,01_yellow_helmet_closeup.jpg,d116a264070cfbfcea9b6603bf4a8204756350e12f8994aed4402dcc39fa4aed,445912
external_15_tuned,02_worker_hardhat.jpg,43c4649bdaac5d3de3a6b7635c4d8bc83c33acb968aa307bfef3fd9e146afc10,177708
external_15_tuned,03_two_workers.jpg,ca21105f6f99d290a6c9f47ab369fcdd8e24cb9d2b1053e292d6435f2f2dcd69,679404
external_15_tuned,04_workers_rebar.jpg,05cf12b74d1fd826068d6870a7572d6d61643a9e3f21ecfb5cfa8c1d87cc7936,253568
external_15_tuned,05_scaffolding_workers.jpg,fec0c2d28e8585f831c5ede5e77aacbd1414efcc361b4c44570d6a5136bab1bf,352303
external_15_tuned,06_scaffolding_occlusion.jpg,773c8cc814544ff8be1558eb353931fb79e30270b496951466a4f11b6d462815,312914
external_15_tuned,07_worker_obstruction.jpg,1d88d09de438b41bf74e392b4ae39003345ec74c3f19c7c9bd1b08706911b0ee,272198
external_15_tuned,08_worker_walking.jpg,2f9f08b0144ceaffd05d1f81709a6214166c01710269e59f097f610aecf9897d,293309
external_15_tuned,09_wood_construction.jpg,1ed9619e79172818596d49ce5a6fdc5a9a0b1932c3e56bf2b3ffdb1c985d76ed,527879
external_15_tuned,10_indoor_construction.jpg,69c5b3b3a2094dc22ba0ccb260051ea25f0ed2d8ad1cff9fc4e5ee27c2c2638b,467229
external_15_tuned,11_woman_hardhat.jpg,cced0a344268d7d9718ddf6ccaf8490481a7e20a8907c344babedbdea3216c15,161581
external_15_tuned,12_workers_sky.jpg,951c5247eafcaea2385fa516d40e3f6e984eccbecafdceda315bae2a947324d9,365365
external_15_tuned,13_black_white.jpg,dc075dd3003de971460167fbe3d9054e677d7d7a339cc15f2f50096e17a1dede,472028
external_15_tuned,14_held_helmet.jpg,78cd2af808d27ae9d16e6f2f95e9fbb17de37fdc8703cfaa4adbc23d0e1b220a,228867
external_15_tuned,15_helmet_without_wearer.jpg,c730152a7a5af82b4b91124fed22fb9cb82aa2ea127b7851edb7f56523069a5d,187555
