epoch,time,metrics/precision(B),metrics/recall(B),metrics/mAP50(B),metrics/mAP50-95(B)
1,234.043,0.85199,0.77305,0.8442,0.50281
2,478.427,0.87211,0.78756,0.85772,0.51409
3,729.332,0.85851,0.80617,0.86509,0.5243
4,985.679,0.88959,0.80125,0.87164,0.52203
5,1241.7,0.90763,0.81856,0.88544,0.54032
6,1493.82,0.89779,0.82164,0.88668,0.54537
7,1741.25,0.89973,0.84468,0.90427,0.55989
8,1981.79,0.88821,0.81154,0.87704,0.54073
9,2224.12,0.91377,0.8392,0.90121,0.56229
10,2457.39,0.89627,0.84752,0.90176,0.56666
11,2690.36,0.9194,0.84671,0.90881,0.56479
12,2934.58,0.89461,0.8556,0.90787,0.56197
13,3787.94,0.90701,0.85037,0.9078,0.57327
14,4012.6,0.91117,0.85827,0.9149,0.57508
15,4249.34,0.91576,0.85084,0.91156,0.57326
16,4496.82,0.91949,0.8517,0.91219,0.58178
17,4747.97,0.91703,0.85949,0.91448,0.58329
18,4995.73,0.9187,0.85795,0.91794,0.58586
19,5246,0.9158,0.86472,0.9167,0.58763
20,5498,0.93018,0.85725,0.92107,0.58874
21,5757.26,0.91947,0.86991,0.9187,0.58941
22,6015.57,0.93424,0.86519,0.92353,0.59232
23,6266.5,0.92373,0.87761,0.92428,0.59561
24,6518.46,0.93466,0.86672,0.92194,0.59704
25,6772.72,0.93028,0.87785,0.92633,0.59425
26,8895.75,0.93404,0.86778,0.92254,0.59681
27,223.904,0.93201,0.87379,0.92622,0.5981
28,448.798,0.93027,0.88026,0.92894,0.59691
29,672.624,0.9339,0.8777,0.92814,0.60281
30,901.792,0.92779,0.87964,0.92814,0.60159
31,1129.92,0.93616,0.87996,0.93148,0.60297
32,1372.96,0.9182,0.88633,0.92919,0.60256
33,1618.79,0.92795,0.88062,0.93143,0.60536
34,1863.74,0.92368,0.88732,0.93267,0.60621
35,2109.86,0.92919,0.87817,0.92967,0.60743
36,2345.94,0.92341,0.8894,0.93307,0.61084
37,2576.66,0.93215,0.88696,0.93133,0.61116
38,223.843,0.92962,0.88705,0.93128,0.60949
39,449.082,0.92605,0.89231,0.93363,0.6091
40,673.776,0.93331,0.88874,0.9341,0.61139
41,888.252,0.93384,0.88026,0.93202,0.60601
42,1102.81,0.93632,0.88493,0.93338,0.6116
43,1318.74,0.9402,0.88101,0.93197,0.61045
44,1540.99,0.93485,0.88583,0.93165,0.60996
45,1766.16,0.93752,0.88411,0.93288,0.61102
46,1993.52,0.93944,0.88303,0.93248,0.61048
47,2222.22,0.93724,0.87973,0.93267,0.61125
48,2451.96,0.93556,0.88095,0.93222,0.61174
49,2681.75,0.94455,0.87716,0.93396,0.6122
50,2912.54,0.94436,0.87901,0.93439,0.61448
